
insert into CUENTABANCARIA (numerotarjeta, fechavencimiento, cedulatitular, cvv)
values ('1234567891236540', to_date('01-01-2024', 'dd-mm-yyyy'), '0951940436', '563');
insert into CUENTABANCARIA (numerotarjeta, fechavencimiento, cedulatitular, cvv)
values ('3698542698561750', to_date('01-02-2024', 'dd-mm-yyyy'), '0951940437', '1234');
insert into CUENTABANCARIA (numerotarjeta, fechavencimiento, cedulatitular, cvv)
values ('9658932111452630', to_date('01-03-2024', 'dd-mm-yyyy'), '0951940438', '2563');
insert into CUENTABANCARIA (numerotarjeta, fechavencimiento, cedulatitular, cvv)
values ('6958742358961450', to_date('01-04-2024', 'dd-mm-yyyy'), '0951940439', '365');
insert into CUENTABANCARIA (numerotarjeta, fechavencimiento, cedulatitular, cvv)
values ('9635861452224100', to_date('01-05-2024', 'dd-mm-yyyy'), '0951940440', '333');
insert into CUENTABANCARIA (numerotarjeta, fechavencimiento, cedulatitular, cvv)
values ('3625984571258960', to_date('01-06-2024', 'dd-mm-yyyy'), '0951940466', '368');
insert into CUENTABANCARIA (numerotarjeta, fechavencimiento, cedulatitular, cvv)
values ('2200136598741250', to_date('01-07-2024', 'dd-mm-yyyy'), '0951940467', '6994');
insert into CUENTABANCARIA (numerotarjeta, fechavencimiento, cedulatitular, cvv)
values ('1111236987452150', to_date('01-08-2024', 'dd-mm-yyyy'), '0951940468', '956');
insert into CUENTABANCARIA (numerotarjeta, fechavencimiento, cedulatitular, cvv)
values ('1000025396565610', to_date('01-09-2024', 'dd-mm-yyyy'), '0951940469', '9658');
insert into CUENTABANCARIA (numerotarjeta, fechavencimiento, cedulatitular, cvv)
values ('2355984571258960', to_date('01-10-2024', 'dd-mm-yyyy'), '0951940470', '621');
insert into CUENTABANCARIA (numerotarjeta, fechavencimiento, cedulatitular, cvv)
values ('5556358614624100', to_date('01-11-2024', 'dd-mm-yyyy'), '0951940471', '2586');
insert into CUENTABANCARIA (numerotarjeta, fechavencimiento, cedulatitular, cvv)
values ('1234567891234560', to_date('01-12-2024', 'dd-mm-yyyy'), '0951940472', '1112');
insert into CUENTABANCARIA (numerotarjeta, fechavencimiento, cedulatitular, cvv)
values ('9874563212365470', to_date('01-03-2024', 'dd-mm-yyyy'), '0951940473', '1125');
insert into CUENTABANCARIA (numerotarjeta, fechavencimiento, cedulatitular, cvv)
values ('6547893214569870', to_date('01-04-2024', 'dd-mm-yyyy'), '0951940449', '253');
insert into CUENTABANCARIA (numerotarjeta, fechavencimiento, cedulatitular, cvv)
values ('2589631475896340', to_date('01-05-2024', 'dd-mm-yyyy'), '0951940450', '688');
insert into CUENTABANCARIA (numerotarjeta, fechavencimiento, cedulatitular, cvv)
values ('6158754936258740', to_date('01-06-2024', 'dd-mm-yyyy'), '0951940451', '889');
insert into CUENTABANCARIA (numerotarjeta, fechavencimiento, cedulatitular, cvv)
values ('3332569874158320', to_date('01-07-2024', 'dd-mm-yyyy'), '0951940452', '665');
insert into CUENTABANCARIA (numerotarjeta, fechavencimiento, cedulatitular, cvv)
values ('1256332569566650', to_date('01-08-2025', 'dd-mm-yyyy'), '0951940453', '4152');
insert into CUENTABANCARIA (numerotarjeta, fechavencimiento, cedulatitular, cvv)
values ('1111244652695680', to_date('01-09-2025', 'dd-mm-yyyy'), '0951940454', '1526');
insert into CUENTABANCARIA (numerotarjeta, fechavencimiento, cedulatitular, cvv)
values ('5566321515626320', to_date('01-10-2025', 'dd-mm-yyyy'), '0951940455', '2897');
insert into CUENTABANCARIA (numerotarjeta, fechavencimiento, cedulatitular, cvv)
values ('4451516515616150', to_date('01-12-2024', 'dd-mm-yyyy'), '0951940456', '123');
insert into CUENTABANCARIA (numerotarjeta, fechavencimiento, cedulatitular, cvv)
values ('2266546465656650', to_date('01-03-2024', 'dd-mm-yyyy'), '0951940457', '563');
insert into CUENTABANCARIA (numerotarjeta, fechavencimiento, cedulatitular, cvv)
values ('3000000000255630', to_date('01-04-2024', 'dd-mm-yyyy'), '0951940458', '777');
insert into CUENTABANCARIA (numerotarjeta, fechavencimiento, cedulatitular, cvv)
values ('9000603126000620', to_date('01-05-2024', 'dd-mm-yyyy'), '0951940459', '8888');
insert into CUENTABANCARIA (numerotarjeta, fechavencimiento, cedulatitular, cvv)
values ('6158754936270000', to_date('01-06-2024', 'dd-mm-yyyy'), '0951940460', '9566');
insert into CUENTABANCARIA (numerotarjeta, fechavencimiento, cedulatitular, cvv)
values ('2266546463333650', to_date('01-07-2024', 'dd-mm-yyyy'), '0951940461', '2333');
insert into CUENTABANCARIA (numerotarjeta, fechavencimiento, cedulatitular, cvv)
values ('1256332567776650', to_date('01-08-2025', 'dd-mm-yyyy'), '0951940462', '214');
insert into CUENTABANCARIA (numerotarjeta, fechavencimiento, cedulatitular, cvv)
values ('1234560000034560', to_date('01-09-2025', 'dd-mm-yyyy'), '0951940463', '256');
insert into CUENTABANCARIA (numerotarjeta, fechavencimiento, cedulatitular, cvv)
values ('9999963221555550', to_date('01-10-2025', 'dd-mm-yyyy'), '0951940464', '785');
insert into CUENTABANCARIA (numerotarjeta, fechavencimiento, cedulatitular, cvv)
values ('1235555556005160', to_date('01-07-2024', 'dd-mm-yyyy'), '0951940465', '999');
commit;


insert into COOPERATIVA (ruc, nombrecooperativa, politica, numerotarjeta)
values ('135555566001', 'El combo amarillo', 0, '4451516515616150');
insert into COOPERATIVA (ruc, nombrecooperativa, politica, numerotarjeta)
values ('221399698001', 'Salamanca', 1, '2266546465656650');
insert into COOPERATIVA (ruc, nombrecooperativa, politica, numerotarjeta)
values ('785622548001', '26 de Mayo', 1.5, '3000000000255630');
insert into COOPERATIVA (ruc, nombrecooperativa, politica, numerotarjeta)
values ('112633548001', 'Socio car', .25, '9000603126000620');
insert into COOPERATIVA (ruc, nombrecooperativa, politica, numerotarjeta)
values ('102066654001', 'Itda', .25, '6158754936270000');
insert into COOPERATIVA (ruc, nombrecooperativa, politica, numerotarjeta)
values ('102144156001', 'Taxi Star', .25, '2266546463333650');
insert into COOPERATIVA (ruc, nombrecooperativa, politica, numerotarjeta)
values ('889500246001', 'Taxi express', 2, '1256332567776650');
insert into COOPERATIVA (ruc, nombrecooperativa, politica, numerotarjeta)
values ('659499522001', 'Taxis Paraiso', 1.9, '1234560000034560');
insert into COOPERATIVA (ruc, nombrecooperativa, politica, numerotarjeta)
values ('965412999001', 'Vipcar', 2, '9999963221555550');
insert into COOPERATIVA (ruc, nombrecooperativa, politica, numerotarjeta)
values ('332674616001', 'Fast way', .99, '1235555556005160');
commit;


insert into CONDUCTOR (cedulaconductor, nombreconductor, telefono, rucempresa)
values ('0962536555', 'Florencia Pazmiño', '0961067598', '135555566001');
insert into CONDUCTOR (cedulaconductor, nombreconductor, telefono, rucempresa)
values ('0962536556', 'Gloria Franco', '0961067599', '221399698001');
insert into CONDUCTOR (cedulaconductor, nombreconductor, telefono, rucempresa)
values ('0962536557', 'Enriqueta Ramirez', '0961067600', '785622548001');
insert into CONDUCTOR (cedulaconductor, nombreconductor, telefono, rucempresa)
values ('0962536558', 'Anacleta Flores', '0961067601', '112633548001');
insert into CONDUCTOR (cedulaconductor, nombreconductor, telefono, rucempresa)
values ('0962536559', 'Lorena Jurado', '0961067602', '102066654001');
insert into CONDUCTOR (cedulaconductor, nombreconductor, telefono, rucempresa)
values ('0962536560', 'Rocio Gonzalez', '0961067603', '102144156001');
insert into CONDUCTOR (cedulaconductor, nombreconductor, telefono, rucempresa)
values ('0962536561', 'Emely Apraez', '0961067604', '889500246001');
insert into CONDUCTOR (cedulaconductor, nombreconductor, telefono, rucempresa)
values ('0962536562', 'Paula Yanez', '0961067605', '659499522001');
insert into CONDUCTOR (cedulaconductor, nombreconductor, telefono, rucempresa)
values ('0962536563', 'Julio Suarez', '0961067606', '965412999001');
insert into CONDUCTOR (cedulaconductor, nombreconductor, telefono, rucempresa)
values ('0962536564', 'Mishell Vera', '0961067607', '332674616001');
insert into CONDUCTOR (cedulaconductor, nombreconductor, telefono, rucempresa)
values ('0962536565', 'Adela Bravo', '0961067608', '135555566001');
insert into CONDUCTOR (cedulaconductor, nombreconductor, telefono, rucempresa)
values ('0962536566', 'Guillermo Narvaez', '0961067609', '221399698001');
insert into CONDUCTOR (cedulaconductor, nombreconductor, telefono, rucempresa)
values ('0962536567', 'Hilda Hidalgo', '0961067610', '785622548001');
insert into CONDUCTOR (cedulaconductor, nombreconductor, telefono, rucempresa)
values ('0962536568', 'Gladys Najera', '0961067611', '112633548001');
insert into CONDUCTOR (cedulaconductor, nombreconductor, telefono, rucempresa)
values ('0962536569', 'Johanna Lopez', '0961067612', '102066654001');
insert into CONDUCTOR (cedulaconductor, nombreconductor, telefono, rucempresa)
values ('0962536570', 'Mario Ortega', '0961067613', '102144156001');
insert into CONDUCTOR (cedulaconductor, nombreconductor, telefono, rucempresa)
values ('0962536571', 'David Montalvan', '0961067614', '889500246001');
insert into CONDUCTOR (cedulaconductor, nombreconductor, telefono, rucempresa)
values ('0962536572', 'Dario Erazo', '0961067615', '659499522001');
insert into CONDUCTOR (cedulaconductor, nombreconductor, telefono, rucempresa)
values ('0962536573', 'Irene Basantes', '0961067616', '965412999001');
insert into CONDUCTOR (cedulaconductor, nombreconductor, telefono, rucempresa)
values ('0962536574', 'Edmundo Arias', '0961067617', '332674616001');
commit;


insert into PASAJERO (cedulapasajero, nombrepasajero, direccion, telefono, contrasena, correo, numerotarjeta)
values ('0951940436', 'Luis Aguilar', 'Gral. Gomez', '0979561995', '*12Luis', 'luisaguilar@hotmail.com', '1234567891236540');
insert into PASAJERO (cedulapasajero, nombrepasajero, direccion, telefono, contrasena, correo, numerotarjeta)
values ('0951940437', 'Maria Aguirre', 'Portete', '0979561996', '12@maria', 'mariaaguirre@gmail.com', '3698542698561750');
insert into PASAJERO (cedulapasajero, nombrepasajero, direccion, telefono, contrasena, correo, numerotarjeta)
values ('0951940438', 'Luisa Ramirez', 'Guasmo norte', '0979561997', 'luisa124#', 'Luisa_ra@gmail.com', '9658932111452630');
insert into PASAJERO (cedulapasajero, nombrepasajero, direccion, telefono, contrasena, correo, numerotarjeta)
values ('0951940439', 'Wilson Castro', 'Floresta 1', '0979561998', 'wilson124#', 'Wilson_ca@gmail.com', '6958742358961450');
insert into PASAJERO (cedulapasajero, nombrepasajero, direccion, telefono, contrasena, correo, numerotarjeta)
values ('0951940440', 'Camilo Díaz', 'Atarazana', '0979561999', '12@camilo', 'camilodíaz@gmail.com', '9635861452224100');
insert into PASAJERO (cedulapasajero, nombrepasajero, direccion, telefono, contrasena, correo, numerotarjeta)
values ('0951940441', 'Romina Torres', 'Ceibos', '0979562000', '12@romina', 'rominatorres@gmail.com', '3625984571258960');
insert into PASAJERO (cedulapasajero, nombrepasajero, direccion, telefono, contrasena, correo, numerotarjeta)
values ('0951940442', 'Silene Oliveira', 'Sauces 3', '0979562001', 'silene124#', 'Silene_ol@gmail.com', '2200136598741250');
insert into PASAJERO (cedulapasajero, nombrepasajero, direccion, telefono, contrasena, correo, numerotarjeta)
values ('0951940443', 'Selena Gomez', 'Samborondón', '0979562002', '12@selena', 'selenagomez@gmail.com', '1111236987452150');
insert into PASAJERO (cedulapasajero, nombrepasajero, direccion, telefono, contrasena, correo, numerotarjeta)
values ('0951940444', 'Pamela Orellana', 'Floresta 2', '0979562003', 'pamela124#', 'Pamela_or@gmail.com', '1000025396565610');
insert into PASAJERO (cedulapasajero, nombrepasajero, direccion, telefono, contrasena, correo, numerotarjeta)
values ('0951940445', 'Alicia Sierra', 'Guasmo sur', '0979562004', 'alicia124#', 'Alicia_si@gmail.com', '2355984571258960');
insert into PASAJERO (cedulapasajero, nombrepasajero, direccion, telefono, contrasena, correo, numerotarjeta)
values ('0951940446', 'Graciela Villamar', 'Guasmo central', '0979562005', 'graciela124#', 'Graciela_vi@gmail.com', '5556358614624100');
insert into PASAJERO (cedulapasajero, nombrepasajero, direccion, telefono, contrasena, correo, numerotarjeta)
values ('0951940447', 'Henry Towers', 'Cristo del consuelo', '0979562006', 'henry124#', 'Henry_to@gmail.com', '1234567891234560');
insert into PASAJERO (cedulapasajero, nombrepasajero, direccion, telefono, contrasena, correo, numerotarjeta)
values ('0951940448', 'Camila Cabello', 'Florida', '0979562007', '12@camila', 'camilacabello@gmail.com', '9874563212365470');
insert into PASAJERO (cedulapasajero, nombrepasajero, direccion, telefono, contrasena, correo, numerotarjeta)
values ('0951940449', 'Hannie Díaz', 'Sauces1', '0979562008', '12@hannie', 'hanniedíaz@gmail.com', '6547893214569870');
insert into PASAJERO (cedulapasajero, nombrepasajero, direccion, telefono, contrasena, correo, numerotarjeta)
values ('0951940450', 'Liliana Oyola', 'Guasmo norte', '0979562009', 'liliana124#', 'Liliana_oy@gmail.com', '2589631475896340');
insert into PASAJERO (cedulapasajero, nombrepasajero, direccion, telefono, contrasena, correo, numerotarjeta)
values ('0951940451', 'Morty Díaz', 'Sauces 2', '0979562010', 'morty124#', 'Morty_dí@gmail.com', '6158754936258740');
insert into PASAJERO (cedulapasajero, nombrepasajero, direccion, telefono, contrasena, correo, numerotarjeta)
values ('0951940452', 'Homero Jaramillo', 'Urdesa', '0979562011', '12@homero', 'homerojaramillo@gmail.com', '3332569874158320');
insert into PASAJERO (cedulapasajero, nombrepasajero, direccion, telefono, contrasena, correo, numerotarjeta)
values ('0951940453', 'Lorenzo Guamán', 'Garzota', '0979562012', '12@lorenzo', 'lorenzoguamán@gmail.com', '1256332569566650');
insert into PASAJERO (cedulapasajero, nombrepasajero, direccion, telefono, contrasena, correo, numerotarjeta)
values ('0951940454', 'Tatiana Acosta', 'Atarazana', '0979562013', '12@tatiana', 'tatianaacosta@gmail.com', '1111244652695680');
insert into PASAJERO (cedulapasajero, nombrepasajero, direccion, telefono, contrasena, correo, numerotarjeta)
values ('0951940455', 'Lenna Hernández', 'Urdesa', '0979562014', '12@lenna', 'lennahernández@gmail.com', '5566321515626320');
commit;


insert into VEHICULO (placa, modelo, marca, color, rucempresa)
values ('Gye-1234', 'Avalon', 'Toyota', 'amarillo', '135555566001');
insert into VEHICULO (placa, modelo, marca, color, rucempresa)
values ('Gye-1235', 'Camry Hybrid', 'Toyota', 'azul', '221399698001');
insert into VEHICULO (placa, modelo, marca, color, rucempresa)
values ('Gye-1236', 'Corolla', 'Toyota', 'negro', '785622548001');
insert into VEHICULO (placa, modelo, marca, color, rucempresa)
values ('Gye-1237', 'Spark Sedán', 'Chevrolet', 'negro', '112633548001');
insert into VEHICULO (placa, modelo, marca, color, rucempresa)
values ('Gye-1238', 'Spark 2021', 'Chevrolet', 'azul', '102066654001');
insert into VEHICULO (placa, modelo, marca, color, rucempresa)
values ('Gye-1239', 'Joy black', 'Chevrolet', 'negro', '102144156001');
insert into VEHICULO (placa, modelo, marca, color, rucempresa)
values ('Gye-1240', 'Spark 2021', 'Chevrolet', 'amarillo', '889500246001');
insert into VEHICULO (placa, modelo, marca, color, rucempresa)
values ('Gye-1241', 'Malibu 2021', 'Chevrolet', 'amarillo', '659499522001');
insert into VEHICULO (placa, modelo, marca, color, rucempresa)
values ('Gye-1242', 'Virtus', 'Wolksvagem', 'amarillo', '965412999001');
insert into VEHICULO (placa, modelo, marca, color, rucempresa)
values ('Gye-1243', 'Polo HB', 'Wolksvagem', 'amarillo', '332674616001');
insert into VEHICULO (placa, modelo, marca, color, rucempresa)
values ('Gye-1244', 'Joy black', 'Chevrolet', 'azul', '135555566001');
insert into VEHICULO (placa, modelo, marca, color, rucempresa)
values ('Gye-1245', 'Spark Sedán', 'Chevrolet', 'negro', '221399698001');
insert into VEHICULO (placa, modelo, marca, color, rucempresa)
values ('Gye-1246', 'Camry', 'Toyota', 'rojo', '785622548001');
insert into VEHICULO (placa, modelo, marca, color, rucempresa)
values ('Gye-1247', 'Virtus', 'Wolksvagem', 'rojo', '112633548001');
insert into VEHICULO (placa, modelo, marca, color, rucempresa)
values ('Gye-1248', 'Corolla Hybrid', 'Toyota', 'azul', '102066654001');
insert into VEHICULO (placa, modelo, marca, color, rucempresa)
values ('Gye-1249', 'T-Cross', 'Wolksvagem', 'amarillo', '102144156001');
insert into VEHICULO (placa, modelo, marca, color, rucempresa)
values ('Gye-1250', 'Virtus', 'Wolksvagem', 'amarillo', '889500246001');
insert into VEHICULO (placa, modelo, marca, color, rucempresa)
values ('Gye-1251', 'Polo HB', 'Wolksvagem', 'rojo', '659499522001');
insert into VEHICULO (placa, modelo, marca, color, rucempresa)
values ('Gye-1252', 'Polo HB', 'Wolksvagem', 'rojo', '965412999001');
insert into VEHICULO (placa, modelo, marca, color, rucempresa)
values ('Gye-1253', 'Camry', 'Toyota', 'negro', '332674616001');
commit;


insert into RESERVA (idreserva, acompanantes, origen, destino, fechahora, totalpasajeros, tarifaviaje, calificacion, comentario, cedulapasajero, ruc, cedulaconductor, placa)
values (1234567, 1, 'Mall del Sol', 'Av. 9ve de octubre y Olmedo', to_timestamp('30-10-2021 11:45:00.000000', 'dd-mm-yyyy hh24:mi:ss.ff'), 2, 5.6, 1, 'Pésima atención, el conductor fue grosero conmigo', '0951940436', '135555566001', '0962536555', 'Gye-1234');
insert into RESERVA (idreserva, acompanantes, origen, destino, fechahora, totalpasajeros, tarifaviaje, calificacion, comentario, cedulapasajero, ruc, cedulaconductor, placa)
values (1234568, 1, 'San Marino', 'Mall del Sol', to_timestamp('30-10-2020 21:22:45.000000', 'dd-mm-yyyy hh24:mi:ss.ff'), 3, 2.5, 5, 'Excelente atención, muy amable el conductor', '0951940442', '221399698001', '0962536556', 'Gye-1235');
insert into RESERVA (idreserva, acompanantes, origen, destino, fechahora, totalpasajeros, tarifaviaje, calificacion, comentario, cedulapasajero, ruc, cedulaconductor, placa)
values (1234569, 0, 'Av. 9ve de octubre y Olmedo', 'Atarazana', to_timestamp('30-10-2020 21:12:10.000000', 'dd-mm-yyyy hh24:mi:ss.ff'), 4, 6, 5, 'Excelente atención, muy amable el conductor', '0951940442', '785622548001', '0962536557', 'Gye-1236');
insert into RESERVA (idreserva, acompanantes, origen, destino, fechahora, totalpasajeros, tarifaviaje, calificacion, comentario, cedulapasajero, ruc, cedulaconductor, placa)
values (1234570, 2, 'Atarazana', 'Base Naval', to_timestamp('30-10-2020 21:10:45.000000', 'dd-mm-yyyy hh24:mi:ss.ff'), 4, 7, 5, 'Excelente atención, muy amable el conductor', '0951940442', '112633548001', '0962536558', 'Gye-1237');
insert into RESERVA (idreserva, acompanantes, origen, destino, fechahora, totalpasajeros, tarifaviaje, calificacion, comentario, cedulapasajero, ruc, cedulaconductor, placa)
values (1234571, 2, 'ITB', 'Av. 9ve de octubre y Olmedo', to_timestamp('30-10-2020 21:09:45.000000', 'dd-mm-yyyy hh24:mi:ss.ff'), 4, 7, 5, 'Excelente atención, muy amable el conductor', '0951940442', '102066654001', '0962536559', 'Gye-1238');
insert into RESERVA (idreserva, acompanantes, origen, destino, fechahora, totalpasajeros, tarifaviaje, calificacion, comentario, cedulapasajero, ruc, cedulaconductor, placa)
values (1234572, 2, 'Base Naval', 'Av. 9ve de octubre y Olmedo', to_timestamp('30-10-2020 21:12:45.000000', 'dd-mm-yyyy hh24:mi:ss.ff'), 2, 5.6, 5, 'Excelente atención, muy amable el conductor', '0951940442', '102144156001', '0962536560', 'Gye-1239');
insert into RESERVA (idreserva, acompanantes, origen, destino, fechahora, totalpasajeros, tarifaviaje, calificacion, comentario, cedulapasajero, ruc, cedulaconductor, placa)
values (1234573, 3, 'El Recreo 2da etapa', 'Mall del Sol', to_timestamp('30-10-2020 21:11:45.000000', 'dd-mm-yyyy hh24:mi:ss.ff'), 3, 2.5, 4, 'Buen servicio, me gustó la atención', '0951940439', '889500246001', '0962536561', 'Gye-1240');
insert into RESERVA (idreserva, acompanantes, origen, destino, fechahora, totalpasajeros, tarifaviaje, calificacion, comentario, cedulapasajero, ruc, cedulaconductor, placa)
values (1234574, 0, 'Los Helechos 2', 'Atarazana', to_timestamp('30-10-2020 21:22:45.000000', 'dd-mm-yyyy hh24:mi:ss.ff'), 4, 6, 4, 'Buen servicio, me gustó la atención', '0951940439', '659499522001', '0962536562', 'Gye-1241');
insert into RESERVA (idreserva, acompanantes, origen, destino, fechahora, totalpasajeros, tarifaviaje, calificacion, comentario, cedulapasajero, ruc, cedulaconductor, placa)
values (1234575, 0, 'Av. 9ve de octubre y Olmedo', 'Base Naval', to_timestamp('30-10-2020 21:12:10.000000', 'dd-mm-yyyy hh24:mi:ss.ff'), 4, 7, 4, 'Buen servicio, me gustó la atención', '0951940439', '965412999001', '0962536563', 'Gye-1242');
insert into RESERVA (idreserva, acompanantes, origen, destino, fechahora, totalpasajeros, tarifaviaje, calificacion, comentario, cedulapasajero, ruc, cedulaconductor, placa)
values (1234576, 0, 'Mall del Sol', 'Av. 9ve de octubre y Olmedo', to_timestamp('30-10-2020 21:10:45.000000', 'dd-mm-yyyy hh24:mi:ss.ff'), 2, 5.6, 4, 'Buen servicio, me gustó la atención', '0951940439', '332674616001', '0962536564', 'Gye-1243');
insert into RESERVA (idreserva, acompanantes, origen, destino, fechahora, totalpasajeros, tarifaviaje, calificacion, comentario, cedulapasajero, ruc, cedulaconductor, placa)
values (1234577, 1, 'San Marino', 'Atarazana', to_timestamp('30-10-2020 21:09:45.000000', 'dd-mm-yyyy hh24:mi:ss.ff'), 3, 2.5, 4, 'Buen servicio, me gustó la atención', '0951940439', '135555566001', '0962536565', 'Gye-1244');
insert into RESERVA (idreserva, acompanantes, origen, destino, fechahora, totalpasajeros, tarifaviaje, calificacion, comentario, cedulapasajero, ruc, cedulaconductor, placa)
values (1234578, 1, 'Av. 9ve de octubre y Olmedo', 'ITB', to_timestamp('30-10-2020 21:12:45.000000', 'dd-mm-yyyy hh24:mi:ss.ff'), 4, 6, 4, 'Buen servicio, me gustó la atención', '0951940439', '221399698001', '0962536566', 'Gye-1245');
insert into RESERVA (idreserva, acompanantes, origen, destino, fechahora, totalpasajeros, tarifaviaje, calificacion, comentario, cedulapasajero, ruc, cedulaconductor, placa)
values (1234579, 0, 'Atarazana', 'Base Naval', to_timestamp('30-10-2020 21:11:45.000000', 'dd-mm-yyyy hh24:mi:ss.ff'), 2, 5.6, 3, 'El servicio fue regular, el conductor antipático.', '0951940439', '785622548001', '0962536567', 'Gye-1246');
insert into RESERVA (idreserva, acompanantes, origen, destino, fechahora, totalpasajeros, tarifaviaje, calificacion, comentario, cedulapasajero, ruc, cedulaconductor, placa)
values (1234580, 2, 'ITB', 'El Recreo 2da etapa', to_timestamp('30-10-2020 21:22:45.000000', 'dd-mm-yyyy hh24:mi:ss.ff'), 3, 2.5, 5, 'Excelente atención, muy amable el conductor', '0951940449', '112633548001', '0962536568', 'Gye-1247');
insert into RESERVA (idreserva, acompanantes, origen, destino, fechahora, totalpasajeros, tarifaviaje, calificacion, comentario, cedulapasajero, ruc, cedulaconductor, placa)
values (1234581, 2, 'Base Naval', 'Los Helechos 2', to_timestamp('30-10-2020 21:12:10.000000', 'dd-mm-yyyy hh24:mi:ss.ff'), 4, 6, 3, 'El servicio fue regular, el conductor antipático.', '0951940450', '102066654001', '0962536569', 'Gye-1248');
insert into RESERVA (idreserva, acompanantes, origen, destino, fechahora, totalpasajeros, tarifaviaje, calificacion, comentario, cedulapasajero, ruc, cedulaconductor, placa)
values (1234582, 2, 'El Recreo 2da etapa', 'Mall del Sol', to_timestamp('30-10-2020 21:10:45.000000', 'dd-mm-yyyy hh24:mi:ss.ff'), 4, 7, 5, 'Excelente atención, muy amable el conductor', '0951940442', '102144156001', '0962536570', 'Gye-1249');
insert into RESERVA (idreserva, acompanantes, origen, destino, fechahora, totalpasajeros, tarifaviaje, calificacion, comentario, cedulapasajero, ruc, cedulaconductor, placa)
values (1234583, 3, 'Los Helechos 2', 'San Marino', to_timestamp('30-10-2020 21:09:45.000000', 'dd-mm-yyyy hh24:mi:ss.ff'), 2, 5.6, 5, 'Excelente atención, muy amable el conductor', '0951940442', '889500246001', '0962536571', 'Gye-1250');
insert into RESERVA (idreserva, acompanantes, origen, destino, fechahora, totalpasajeros, tarifaviaje, calificacion, comentario, cedulapasajero, ruc, cedulaconductor, placa)
values (1234584, 0, 'Av. 9ve de octubre y Olmedo', 'Base Naval', to_timestamp('30-10-2020 21:08:45.000000', 'dd-mm-yyyy hh24:mi:ss.ff'), 3, 2.5, 4, 'Buen servicio, me gustó la atención', '0951940453', '659499522001', '0962536572', 'Gye-1251');
insert into RESERVA (idreserva, acompanantes, origen, destino, fechahora, totalpasajeros, tarifaviaje, calificacion, comentario, cedulapasajero, ruc, cedulaconductor, placa)
values (1234585, 0, 'Los Helechos 2', 'Atarazana', to_timestamp('30-10-2020 21:12:45.000000', 'dd-mm-yyyy hh24:mi:ss.ff'), 4, 6, 4, 'Buen servicio, me gustó la atención', '0951940454', '965412999001', '0962536573', 'Gye-1252');
insert into RESERVA (idreserva, acompanantes, origen, destino, fechahora, totalpasajeros, tarifaviaje, calificacion, comentario, cedulapasajero, ruc, cedulaconductor, placa)
values (1234586, 0, 'Av. 9ve de octubre y Olmedo', 'ITB', to_timestamp('30-10-2020 21:09:50.000000', 'dd-mm-yyyy hh24:mi:ss.ff'), 4, 7, 4, 'Buen servicio, me gustó la atención', '0951940439', '332674616001', '0962536574', 'Gye-1253');
commit;


insert into FACTURA (idfactura, valorporpersona, valorapagar, idreserva, cedulapasajero)
values (1111, 2.8, 5.6, 1234567, '0951940436');
insert into FACTURA (idfactura, valorporpersona, valorapagar, idreserva, cedulapasajero)
values (1112, .83, 1.67, 1234568, '0951940442');
insert into FACTURA (idfactura, valorporpersona, valorapagar, idreserva, cedulapasajero)
values (1113, 1.5, 1.5, 1234569, '0951940442');
insert into FACTURA (idfactura, valorporpersona, valorapagar, idreserva, cedulapasajero)
values (1114, 1.75, 5.25, 1234570, '0951940442');
insert into FACTURA (idfactura, valorporpersona, valorapagar, idreserva, cedulapasajero)
values (1115, 1.75, 5.25, 1234571, '0951940442');
insert into FACTURA (idfactura, valorporpersona, valorapagar, idreserva, cedulapasajero)
values (1116, 2.8, 8.4, 1234572, '0951940442');
insert into FACTURA (idfactura, valorporpersona, valorapagar, idreserva, cedulapasajero)
values (1117, .83, 3.33, 1234573, '0951940439');
insert into FACTURA (idfactura, valorporpersona, valorapagar, idreserva, cedulapasajero)
values (1118, 1.5, 1.5, 1234574, '0951940439');
insert into FACTURA (idfactura, valorporpersona, valorapagar, idreserva, cedulapasajero)
values (1119, 1.75, 1.75, 1234575, '0951940439');
insert into FACTURA (idfactura, valorporpersona, valorapagar, idreserva, cedulapasajero)
values (1120, 2.8, 2.8, 1234576, '0951940439');
insert into FACTURA (idfactura, valorporpersona, valorapagar, idreserva, cedulapasajero)
values (1121, .83, 1.67, 1234577, '0951940439');
insert into FACTURA (idfactura, valorporpersona, valorapagar, idreserva, cedulapasajero)
values (1122, 1.5, 3, 1234578, '0951940439');
insert into FACTURA (idfactura, valorporpersona, valorapagar, idreserva, cedulapasajero)
values (1123, 2.8, 2.8, 1234579, '0951940439');
insert into FACTURA (idfactura, valorporpersona, valorapagar, idreserva, cedulapasajero)
values (1124, .83, 2.5, 1234580, '0951940449');
insert into FACTURA (idfactura, valorporpersona, valorapagar, idreserva, cedulapasajero)
values (1125, 1.5, 4.5, 1234581, '0951940450');
insert into FACTURA (idfactura, valorporpersona, valorapagar, idreserva, cedulapasajero)
values (1126, 1.75, 5.25, 1234582, '0951940442');
insert into FACTURA (idfactura, valorporpersona, valorapagar, idreserva, cedulapasajero)
values (1127, 2.8, 11.2, 1234583, '0951940442');
insert into FACTURA (idfactura, valorporpersona, valorapagar, idreserva, cedulapasajero)
values (1128, .83, .83, 1234584, '0951940453');
insert into FACTURA (idfactura, valorporpersona, valorapagar, idreserva, cedulapasajero)
values (1129, 1.5, 1.5, 1234585, '0951940454');
insert into FACTURA (idfactura, valorporpersona, valorapagar, idreserva, cedulapasajero)
values (1130, 1.75, 1.75, 1234586, '0951940439');
commit;

